{
	"format_version": "1.8.0",
	"animations": {
		"1": {
			"loop": false,
			"animation_length": 2,
			"bones": {
				"fireflies": {
					"rotation": {
						"vector": [0, "query.anim_time * 500", 0]
					},
					"position": {
						"vector": ["math.sin(query.anim_time * 500) * 2", "math.sin(query.anim_time * 500)", "-2+math.cos(query.anim_time * 500) * 2"]
					}
				},
				"bottle": {
					"rotation": {
						"0.0": [0, 0, 0],
						"0.0417": [0.028, 0.00001, -0.028],
						"0.0833": [0.122, 0.00013, -0.122],
						"0.125": [0.18036, 0.00028, -0.18036],
						"0.1667": [0.14221, 0.00018, -0.14221],
						"0.2083": [0.05427, 0.00003, -0.05427],
						"0.25": [-0.01121, 0, 0.01121],
						"0.2917": [-0.02567, 0.00001, 0.02567],
						"0.3333": [-0.00869, 0, 0.00869],
						"0.375": [-0.00056, 0, 0.00056],
						"0.4167": [-0.0152, 0, 0.0152],
						"0.4583": [-0.01545, 0, 0.01545],
						"0.5": [0.01933, 0, -0.01933],
						"0.5417": [0.04798, 0.00002, -0.04798],
						"0.5833": [0.04216, 0.00002, -0.04216],
						"0.625": [0.01959, 0, -0.01959],
						"0.6667": [0.00387, 0, -0.00387],
						"0.7083": [0.00004, 0, -0.00004],
						"0.75": [-0.00049, 0, 0.00049],
						"0.7917": [-0.00423, 0, 0.00423],
						"0.8333": [-0.00845, 0, 0.00845],
						"0.875": [-0.0083, 0, 0.0083],
						"0.9167": [-0.00416, 0, 0.00416],
						"0.9583": [-0.00011, 0, 0.00011],
						"1.0": [0.00121, 0, -0.00121],
						"1.0417": [0.00052, 0, -0.00052],
						"1.0833": [0, 0, 0],
						"1.125": [0.00043, 0, -0.00043],
						"1.1667": [0.00065, 0, -0.00065],
						"1.2083": [-0.00025, 0, 0.00025],
						"1.25": [-0.00138, 0, 0.00138],
						"1.2917": [-0.00159, 0, 0.00159],
						"1.3333": [-0.00094, 0, 0.00094],
						"1.375": [-0.00026, 0, 0.00026],
						"1.4167": [-0.00001, 0, 0.00001],
						"1.4583": [0, 0, 0],
						"1.5": [0.00012, 0, -0.00012],
						"1.5417": [0.00032, 0, -0.00032],
						"1.5833": [0.00038, 0, -0.00038],
						"1.625": [0.00024, 0, -0.00024],
						"1.6667": [0.00004, 0, -0.00004],
						"1.7083": [-0.00005, 0, 0.00005],
						"1.75": [-0.00003, 0, 0.00003],
						"1.7917": [0, 0, 0],
						"1.8333": [-0.00001, 0, 0.00001],
						"1.875": [-0.00003, 0, 0.00003],
						"1.9167": [0, 0, 0],
						"1.9583": [0.00004, 0, -0.00004]
					}
				},
				"anim": {
					"rotation": {
						"0.0": [0, 0, 0],
						"0.0417": [0.21326, 0.0004, -0.21326],
						"0.0833": [0.48005, 0.00201, -0.48005],
						"0.125": [0.55237, 0.00266, -0.55237],
						"0.1667": [0.42739, 0.00159, -0.42739],
						"0.2083": [0.18836, 0.00031, -0.18836],
						"0.25": [-0.05137, 0.00002, 0.05137],
						"0.2917": [-0.18359, 0.00029, 0.18359],
						"0.3333": [-0.14369, 0.00018, 0.14369],
						"0.375": [0.04147, 0.00002, -0.04147],
						"0.4167": [0.20662, 0.00037, -0.20662],
						"0.4583": [0.13739, 0.00016, -0.13739],
						"0.5": [-0.15014, 0.0002, 0.15014],
						"0.5417": [-0.38031, 0.00126, 0.38031],
						"0.5833": [-0.38367, 0.00128, 0.38367],
						"0.625": [-0.23321, 0.00047, 0.23321],
						"0.6667": [-0.07642, 0.00005, 0.07642],
						"0.7083": [-0.00327, 0, 0.00327],
						"0.75": [-0.01683, 0, 0.01683],
						"0.7917": [-0.0653, 0.00004, 0.0653],
						"0.8333": [-0.09568, 0.00008, 0.09568],
						"0.875": [-0.08606, 0.00006, 0.08606],
						"0.9167": [-0.04614, 0.00002, 0.04614],
						"0.9583": [-0.00151, 0, 0.00151],
						"1.0": [0.02411, 0.00001, -0.02411],
						"1.0417": [0.02131, 0, -0.02131],
						"1.0833": [-0.00056, 0, 0.00056],
						"1.125": [-0.0194, 0, 0.0194],
						"1.1667": [-0.01697, 0, 0.01697],
						"1.2083": [0.00523, 0, -0.00523],
						"1.25": [0.02857, 0.00001, -0.02857],
						"1.2917": [0.0364, 0.00001, -0.0364],
						"1.3333": [0.02733, 0.00001, -0.02733],
						"1.375": [0.01188, 0, -0.01188],
						"1.4167": [0.00152, 0, -0.00152],
						"1.4583": [0.00081, 0, -0.00081],
						"1.5": [0.00649, 0, -0.00649],
						"1.5417": [0.01192, 0, -0.01192],
						"1.5833": [0.01246, 0, -0.01246],
						"1.625": [0.00797, 0, -0.00797],
						"1.6667": [0.00172, 0, -0.00172],
						"1.7083": [-0.00252, 0, 0.00252],
						"1.75": [-0.00297, 0, 0.00297],
						"1.7917": [-0.00063, 0, 0.00063],
						"1.8333": [0.00183, 0, -0.00183],
						"1.875": [0.00217, 0, -0.00217],
						"1.9167": [0.00021, 0, -0.00021],
						"1.9583": [-0.00241, 0, 0.00241]
					}
				},
				"bottle_anim": {
					"rotation": {
						"0.0": [0, 0, 0],
						"0.0417": [2.4987, 0.0545, -2.4987],
						"0.0833": [3.58176, 0.11203, -3.58176],
						"0.125": [3.57575, 0.11165, -3.57575],
						"0.1667": [2.74414, 0.06574, -2.74414],
						"0.2083": [1.31098, 0.015, -1.31098],
						"0.25": [-0.42306, 0.00156, 0.42306],
						"0.2917": [-2.0536, 0.03681, 2.0536],
						"0.3333": [-3.16808, 0.08763, 3.16808],
						"0.375": [-3.44281, 0.1035, 3.44281],
						"0.4167": [-2.70022, 0.06365, 2.70022],
						"0.4583": [-1.04746, 0.00958, 1.04746],
						"0.5": [0.9483, 0.00785, -0.9483],
						"0.5417": [2.47007, 0.05326, -2.47007],
						"0.5833": [3.01241, 0.07923, -3.01241],
						"0.625": [2.59137, 0.05862, -2.59137],
						"0.6667": [1.54906, 0.02094, -1.54906],
						"0.7083": [0.32265, 0.00091, -0.32265],
						"0.75": [-0.71883, 0.00451, 0.71883],
						"0.7917": [-1.3593, 0.01613, 1.3593],
						"0.8333": [-1.53383, 0.02053, 1.53383],
						"0.875": [-1.2853, 0.01442, 1.2853],
						"0.9167": [-0.72856, 0.00463, 0.72856],
						"0.9583": [-0.02834, 0.00001, 0.02834],
						"1.0": [0.6279, 0.00344, -0.6279],
						"1.0417": [1.07007, 0.00999, -1.07007],
						"1.0833": [1.18753, 0.01231, -1.18753],
						"1.125": [0.96025, 0.00805, -0.96025],
						"1.1667": [0.47073, 0.00193, -0.47073],
						"1.2083": [-0.11565, 0.00012, 0.11565],
						"1.25": [-0.60912, 0.00324, 0.60912],
						"1.2917": [-0.86894, 0.00659, 0.86894],
						"1.3333": [-0.84889, 0.00629, 0.84889],
						"1.375": [-0.59646, 0.0031, 0.59646],
						"1.4167": [-0.21922, 0.00042, 0.21922],
						"1.4583": [0.15942, 0.00022, -0.15942],
						"1.5": [0.43793, 0.00167, -0.43793],
						"1.5417": [0.55855, 0.00272, -0.55855],
						"1.5833": [0.51241, 0.00229, -0.51241],
						"1.625": [0.33301, 0.00097, -0.33301],
						"1.6667": [0.08287, 0.00006, -0.08287],
						"1.7083": [-0.16405, 0.00023, 0.16405],
						"1.75": [-0.34137, 0.00102, 0.34137],
						"1.7917": [-0.40689, 0.00144, 0.40689],
						"1.8333": [-0.35258, 0.00108, 0.35258],
						"1.875": [-0.20494, 0.00037, 0.20494],
						"1.9167": [-0.0152, 0, 0.0152],
						"1.9583": [0.15782, 0.00022, -0.15782]
					}
				}
			}
		},
		"0": {
			"loop": true,
			"animation_length": 0.7083,
			"bones": {
				"fireflies": {
					"rotation": {
						"vector": [0, "query.anim_time * 500", 0]
					},
					"position": {
						"vector": ["math.sin(query.anim_time * 500) * 2", "math.sin(query.anim_time * 500)", "-2+math.cos(query.anim_time * 500) * 2"]
					}
				}
			}
		}
	}
}